TID,TEACHER,MAIL,FILE
MT,Melanie Truthahn,mt@mail.de,/home/mt/Programming/Projects/zeugs/DefaultData/Schuljahre/SCHULJAHR_2016/Z_2016-06-22/Noten-Lehrer/Formulare/Noten_2016-06-22_Truthahn_M.xlsx
AFM,Anton Mitläufer,afm@mail.de,/home/mt/Programming/Projects/zeugs/DefaultData/Schuljahre/SCHULJAHR_2016/Z_2016-06-22/Noten-Lehrer/Formulare/Noten_2016-06-22_Mitlaeufer_A.xlsx
KK,Karl Kampe,kk@mail.de,/home/mt/Programming/Projects/zeugs/DefaultData/Schuljahre/SCHULJAHR_2016/Z_2016-06-22/Noten-Lehrer/Formulare/Noten_2016-06-22_Kampe_K.xlsx
PB,Petra Blume,pb@mail.de,/home/mt/Programming/Projects/zeugs/DefaultData/Schuljahre/SCHULJAHR_2016/Z_2016-06-22/Noten-Lehrer/Formulare/Noten_2016-06-22_Blume_P.xlsx
AK,Armin Keller,ak@mail.de,/home/mt/Programming/Projects/zeugs/DefaultData/Schuljahre/SCHULJAHR_2016/Z_2016-06-22/Noten-Lehrer/Formulare/Noten_2016-06-22_Keller_A.xlsx
CH,Claudia Hahn,ch@mail.de,/home/mt/Programming/Projects/zeugs/DefaultData/Schuljahre/SCHULJAHR_2016/Z_2016-06-22/Noten-Lehrer/Formulare/Noten_2016-06-22_Hahn_C.xlsx
BW,Bela Wehmut,bw@mail.de,/home/mt/Programming/Projects/zeugs/DefaultData/Schuljahre/SCHULJAHR_2016/Z_2016-06-22/Noten-Lehrer/Formulare/Noten_2016-06-22_Wehmut_B.xlsx
BS,Barbara Steinbrück,bs@mail.de,/home/mt/Programming/Projects/zeugs/DefaultData/Schuljahre/SCHULJAHR_2016/Z_2016-06-22/Noten-Lehrer/Formulare/Noten_2016-06-22_Steinbrueck_B.xlsx
KW,Karin Wohltat,kw@mail.de,/home/mt/Programming/Projects/zeugs/DefaultData/Schuljahre/SCHULJAHR_2016/Z_2016-06-22/Noten-Lehrer/Formulare/Noten_2016-06-22_Wohltat_K.xlsx
MF,Michael Floskel,mf@mail.de,/home/mt/Programming/Projects/zeugs/DefaultData/Schuljahre/SCHULJAHR_2016/Z_2016-06-22/Noten-Lehrer/Formulare/Noten_2016-06-22_Floskel_M.xlsx
MFN,Martin Fürst-Neumann,mfn@mail.de,/home/mt/Programming/Projects/zeugs/DefaultData/Schuljahre/SCHULJAHR_2016/Z_2016-06-22/Noten-Lehrer/Formulare/Noten_2016-06-22_Fuerst_M.xlsx
MS,Michael Schuhmacher,ms@mail.de,/home/mt/Programming/Projects/zeugs/DefaultData/Schuljahre/SCHULJAHR_2016/Z_2016-06-22/Noten-Lehrer/Formulare/Noten_2016-06-22_Schuhmacher_M.xlsx
MR,Maria Reinherz,mr@mail.de,/home/mt/Programming/Projects/zeugs/DefaultData/Schuljahre/SCHULJAHR_2016/Z_2016-06-22/Noten-Lehrer/Formulare/Noten_2016-06-22_Reinherz_M.xlsx
TU,Tom Unterhalt,tu@mail.de,/home/mt/Programming/Projects/zeugs/DefaultData/Schuljahre/SCHULJAHR_2016/Z_2016-06-22/Noten-Lehrer/Formulare/Noten_2016-06-22_Unterhalt_T.xlsx
JL,Jana Lieblich,jl@mail.de,/home/mt/Programming/Projects/zeugs/DefaultData/Schuljahre/SCHULJAHR_2016/Z_2016-06-22/Noten-Lehrer/Formulare/Noten_2016-06-22_Lieblich_J.xlsx
UM,Ulbert Minnesänger,um@mail.de,/home/mt/Programming/Projects/zeugs/DefaultData/Schuljahre/SCHULJAHR_2016/Z_2016-06-22/Noten-Lehrer/Formulare/Noten_2016-06-22_Minnesaenger_U.xlsx
CG,Carmen Glühn,cg@mail.de,/home/mt/Programming/Projects/zeugs/DefaultData/Schuljahre/SCHULJAHR_2016/Z_2016-06-22/Noten-Lehrer/Formulare/Noten_2016-06-22_Gluehn_C.xlsx
BD,Berndt D'Arcy,ba@mail.de,/home/mt/Programming/Projects/zeugs/DefaultData/Schuljahre/SCHULJAHR_2016/Z_2016-06-22/Noten-Lehrer/Formulare/Noten_2016-06-22_D^Arcy_B.xlsx
EL,Dr. Elena Lichtfeld,el@mail.de,/home/mt/Programming/Projects/zeugs/DefaultData/Schuljahre/SCHULJAHR_2016/Z_2016-06-22/Noten-Lehrer/Formulare/Noten_2016-06-22_Lichtfeld_E.xlsx
ML,Dr. Martin Leuchte,ml@mail.de,/home/mt/Programming/Projects/zeugs/DefaultData/Schuljahre/SCHULJAHR_2016/Z_2016-06-22/Noten-Lehrer/Formulare/Noten_2016-06-22_Leuchte_M.xlsx
LM,Linda Mähnenkopf,lm@mail.de,/home/mt/Programming/Projects/zeugs/DefaultData/Schuljahre/SCHULJAHR_2016/Z_2016-06-22/Noten-Lehrer/Formulare/Noten_2016-06-22_Maehnenkopf_L.xlsx
AH,Dr. Alicia Hahn,ah@mail.de,/home/mt/Programming/Projects/zeugs/DefaultData/Schuljahre/SCHULJAHR_2016/Z_2016-06-22/Noten-Lehrer/Formulare/Noten_2016-06-22_Hahn_A.xlsx
RL,Renate Lehmbach,rl@mail.de,/home/mt/Programming/Projects/zeugs/DefaultData/Schuljahre/SCHULJAHR_2016/Z_2016-06-22/Noten-Lehrer/Formulare/Noten_2016-06-22_Lehmbach_R.xlsx
SN,Stephan Namhaft,sn@mail.de,/home/mt/Programming/Projects/zeugs/DefaultData/Schuljahre/SCHULJAHR_2016/Z_2016-06-22/Noten-Lehrer/Formulare/Noten_2016-06-22_Namhaft_S.xlsx
FK,Fritz Klebrig,fk@mail.de,/home/mt/Programming/Projects/zeugs/DefaultData/Schuljahre/SCHULJAHR_2016/Z_2016-06-22/Noten-Lehrer/Formulare/Noten_2016-06-22_Klebrig_F.xlsx
